{"frames": {

"0bg_garage0000":
{
	"frame": {"x":2,"y":2,"w":720,"h":480},
	"rotated": false,
	"trimmed": false,
	"spriteSourceSize": {"x":0,"y":0,"w":720,"h":480},
	"sourceSize": {"w":720,"h":480}
},
"0bg_garage_l0000":
{
	"frame": {"x":838,"y":975,"w":30,"h":480},
	"rotated": false,
	"trimmed": false,
	"spriteSourceSize": {"x":0,"y":0,"w":30,"h":480},
	"sourceSize": {"w":30,"h":480}
},
"0bg_garage_r0000":
{
	"frame": {"x":838,"y":975,"w":30,"h":480},
	"rotated": false,
	"trimmed": false,
	"spriteSourceSize": {"x":0,"y":0,"w":30,"h":480},
	"sourceSize": {"w":30,"h":480}
},
"0logo0000":
{
	"frame": {"x":724,"y":2,"w":271,"h":179},
	"rotated": false,
	"trimmed": false,
	"spriteSourceSize": {"x":0,"y":0,"w":271,"h":179},
	"sourceSize": {"w":271,"h":179}
},
"0popup_bg0000":
{
	"frame": {"x":2,"y":484,"w":680,"h":436},
	"rotated": false,
	"trimmed": false,
	"spriteSourceSize": {"x":0,"y":0,"w":680,"h":436},
	"sourceSize": {"w":680,"h":436}
},
"InGameMusicButton0000":
{
	"frame": {"x":155,"y":1084,"w":53,"h":44},
	"rotated": false,
	"trimmed": false,
	"spriteSourceSize": {"x":0,"y":0,"w":53,"h":44},
	"sourceSize": {"w":53,"h":44}
},
"InGameMusicButton0001":
{
	"frame": {"x":991,"y":480,"w":27,"h":33},
	"rotated": false,
	"trimmed": true,
	"spriteSourceSize": {"x":0,"y":8,"w":53,"h":44},
	"sourceSize": {"w":53,"h":44}
},
"InGameMusicButton0002":
{
	"frame": {"x":252,"y":1093,"w":53,"h":33},
	"rotated": false,
	"trimmed": true,
	"spriteSourceSize": {"x":0,"y":8,"w":53,"h":44},
	"sourceSize": {"w":53,"h":44}
},
"InGamePauseButton0000":
{
	"frame": {"x":307,"y":1093,"w":33,"h":49},
	"rotated": false,
	"trimmed": false,
	"spriteSourceSize": {"x":0,"y":0,"w":33,"h":49},
	"sourceSize": {"w":33,"h":49}
},
"LeveMapItemLocked0000":
{
	"frame": {"x":304,"y":1012,"w":63,"h":79},
	"rotated": false,
	"trimmed": false,
	"spriteSourceSize": {"x":0,"y":0,"w":63,"h":79},
	"sourceSize": {"w":63,"h":79}
},
"LeveMapItemLocked0001":
{
	"frame": {"x":46,"y":1075,"w":60,"h":46},
	"rotated": false,
	"trimmed": true,
	"spriteSourceSize": {"x":2,"y":22,"w":63,"h":79},
	"sourceSize": {"w":63,"h":79}
},
"LeveMapItemLocked0002":
{
	"frame": {"x":2,"y":2,"w":0,"h":0},
	"rotated": false,
	"trimmed": true,
	"spriteSourceSize": {"x":31,"y":39,"w":63,"h":79},
	"sourceSize": {"w":63,"h":79}
},
"LeveMapItemLocked0003":
{
	"frame": {"x":997,"y":2,"w":25,"h":26},
	"rotated": false,
	"trimmed": true,
	"spriteSourceSize": {"x":1,"y":2,"w":63,"h":79},
	"sourceSize": {"w":63,"h":79}
},
"LeveMapItemLocked0004":
{
	"frame": {"x":731,"y":1115,"w":42,"h":28},
	"rotated": false,
	"trimmed": true,
	"spriteSourceSize": {"x":1,"y":0,"w":63,"h":79},
	"sourceSize": {"w":63,"h":79}
},
"LeveMapItemLocked0005":
{
	"frame": {"x":540,"y":1115,"w":61,"h":28},
	"rotated": false,
	"trimmed": true,
	"spriteSourceSize": {"x":1,"y":0,"w":63,"h":79},
	"sourceSize": {"w":63,"h":79}
},
"arrow_btn0000":
{
	"frame": {"x":964,"y":975,"w":54,"h":86},
	"rotated": false,
	"trimmed": false,
	"spriteSourceSize": {"x":0,"y":0,"w":54,"h":86},
	"sourceSize": {"w":54,"h":86}
},
"arrow_btn0001":
{
	"frame": {"x":2,"y":1075,"w":42,"h":68},
	"rotated": false,
	"trimmed": true,
	"spriteSourceSize": {"x":6,"y":9,"w":54,"h":86},
	"sourceSize": {"w":54,"h":86}
},
"arrow_key0000":
{
	"frame": {"x":918,"y":415,"w":78,"h":63},
	"rotated": false,
	"trimmed": false,
	"spriteSourceSize": {"x":0,"y":0,"w":78,"h":63},
	"sourceSize": {"w":78,"h":63}
},
"arrow_key20000":
{
	"frame": {"x":540,"y":1060,"w":83,"h":53},
	"rotated": false,
	"trimmed": false,
	"spriteSourceSize": {"x":0,"y":0,"w":83,"h":53},
	"sourceSize": {"w":83,"h":53}
},
"bg0000":
{
	"frame": {"x":997,"y":30,"w":10,"h":10},
	"rotated": false,
	"trimmed": false,
	"spriteSourceSize": {"x":0,"y":0,"w":10,"h":10},
	"sourceSize": {"w":10,"h":10}
},
"black0000":
{
	"frame": {"x":689,"y":1115,"w":40,"h":40},
	"rotated": false,
	"trimmed": false,
	"spriteSourceSize": {"x":0,"y":0,"w":40,"h":40},
	"sourceSize": {"w":40,"h":40}
},
"btn_body0000":
{
	"frame": {"x":918,"y":317,"w":96,"h":96},
	"rotated": false,
	"trimmed": false,
	"spriteSourceSize": {"x":0,"y":0,"w":96,"h":96},
	"sourceSize": {"w":96,"h":96}
},
"btn_body0001":
{
	"frame": {"x":918,"y":317,"w":96,"h":96},
	"rotated": false,
	"trimmed": false,
	"spriteSourceSize": {"x":0,"y":0,"w":96,"h":96},
	"sourceSize": {"w":96,"h":96}
},
"btn_credits0000":
{
	"frame": {"x":949,"y":1063,"w":62,"h":60},
	"rotated": false,
	"trimmed": false,
	"spriteSourceSize": {"x":0,"y":0,"w":62,"h":60},
	"sourceSize": {"w":62,"h":60}
},
"exit_btn0000":
{
	"frame": {"x":870,"y":975,"w":92,"h":80},
	"rotated": false,
	"trimmed": false,
	"spriteSourceSize": {"x":0,"y":0,"w":92,"h":80},
	"sourceSize": {"w":92,"h":80}
},
"frame_space0000":
{
	"frame": {"x":2,"y":922,"w":366,"h":88},
	"rotated": false,
	"trimmed": false,
	"spriteSourceSize": {"x":0,"y":0,"w":366,"h":88},
	"sourceSize": {"w":366,"h":88}
},
"improved_bg0000":
{
	"frame": {"x":724,"y":183,"w":153,"h":136},
	"rotated": false,
	"trimmed": false,
	"spriteSourceSize": {"x":0,"y":0,"w":153,"h":136},
	"sourceSize": {"w":153,"h":136}
},
"logo_mad0000":
{
	"frame": {"x":684,"y":484,"w":305,"h":404},
	"rotated": false,
	"trimmed": false,
	"spriteSourceSize": {"x":0,"y":0,"w":305,"h":404},
	"sourceSize": {"w":305,"h":404}
},
"next_btn0000":
{
	"frame": {"x":870,"y":1057,"w":77,"h":76},
	"rotated": false,
	"trimmed": false,
	"spriteSourceSize": {"x":0,"y":0,"w":77,"h":76},
	"sourceSize": {"w":77,"h":76}
},
"orange_btn0000":
{
	"frame": {"x":724,"y":321,"w":192,"h":99},
	"rotated": false,
	"trimmed": false,
	"spriteSourceSize": {"x":0,"y":0,"w":192,"h":99},
	"sourceSize": {"w":192,"h":99}
},
"orange_btn_big0000":
{
	"frame": {"x":684,"y":890,"w":327,"h":83},
	"rotated": false,
	"trimmed": false,
	"spriteSourceSize": {"x":0,"y":0,"w":327,"h":83},
	"sourceSize": {"w":327,"h":83}
},
"orange_btn_big_green0000":
{
	"frame": {"x":370,"y":975,"w":327,"h":83},
	"rotated": false,
	"trimmed": false,
	"spriteSourceSize": {"x":0,"y":0,"w":327,"h":83},
	"sourceSize": {"w":327,"h":83}
},
"pause_bg0000":
{
	"frame": {"x":369,"y":1060,"w":89,"h":54},
	"rotated": false,
	"trimmed": false,
	"spriteSourceSize": {"x":0,"y":0,"w":89,"h":54},
	"sourceSize": {"w":89,"h":54}
},
"play_btn0000":
{
	"frame": {"x":625,"y":1060,"w":62,"h":65},
	"rotated": false,
	"trimmed": false,
	"spriteSourceSize": {"x":0,"y":0,"w":62,"h":65},
	"sourceSize": {"w":62,"h":65}
},
"restart_btn0000":
{
	"frame": {"x":108,"y":1075,"w":45,"h":52},
	"rotated": false,
	"trimmed": false,
	"spriteSourceSize": {"x":0,"y":0,"w":45,"h":52},
	"sourceSize": {"w":45,"h":52}
},
"select_level0000":
{
	"frame": {"x":208,"y":1012,"w":94,"h":70},
	"rotated": false,
	"trimmed": false,
	"spriteSourceSize": {"x":0,"y":0,"w":94,"h":70},
	"sourceSize": {"w":94,"h":70}
},
"shop_btn0000":
{
	"frame": {"x":460,"y":1060,"w":78,"h":57},
	"rotated": false,
	"trimmed": false,
	"spriteSourceSize": {"x":0,"y":0,"w":78,"h":57},
	"sourceSize": {"w":78,"h":57}
},
"space_key0000":
{
	"frame": {"x":370,"y":922,"w":143,"h":40},
	"rotated": false,
	"trimmed": false,
	"spriteSourceSize": {"x":0,"y":0,"w":143,"h":40},
	"sourceSize": {"w":143,"h":40}
},
"space_key0001":
{
	"frame": {"x":515,"y":922,"w":143,"h":40},
	"rotated": false,
	"trimmed": false,
	"spriteSourceSize": {"x":0,"y":0,"w":143,"h":40},
	"sourceSize": {"w":143,"h":40}
},
"star00000":
{
	"frame": {"x":699,"y":975,"w":137,"h":138},
	"rotated": false,
	"trimmed": false,
	"spriteSourceSize": {"x":0,"y":0,"w":137,"h":138},
	"sourceSize": {"w":137,"h":138}
},
"star10000":
{
	"frame": {"x":879,"y":183,"w":131,"h":132},
	"rotated": false,
	"trimmed": false,
	"spriteSourceSize": {"x":0,"y":0,"w":131,"h":132},
	"sourceSize": {"w":131,"h":132}
},
"timer_bg0000":
{
	"frame": {"x":724,"y":422,"w":168,"h":48},
	"rotated": false,
	"trimmed": false,
	"spriteSourceSize": {"x":0,"y":0,"w":168,"h":48},
	"sourceSize": {"w":168,"h":48}
},
"top_bg0000":
{
	"frame": {"x":2,"y":1012,"w":204,"h":61},
	"rotated": false,
	"trimmed": false,
	"spriteSourceSize": {"x":0,"y":0,"w":204,"h":61},
	"sourceSize": {"w":204,"h":61}
},
"w_star0000":
{
	"frame": {"x":210,"y":1084,"w":40,"h":44},
	"rotated": false,
	"trimmed": false,
	"spriteSourceSize": {"x":0,"y":0,"w":40,"h":44},
	"sourceSize": {"w":40,"h":44}
}},
"meta": {
	"app": "Adobe Flash Professional",
	"version": "15.0.1.179",
	"image": "garage.png",
	"format": "RGBA8888",
	"size": {"w":1024,"h":2048},
	"scale": "1"
}
}
